first_name,last_name,age,Happy_Sad_group,T,Drug,Mem_Score_Before,Mem_Score_After,Diff
Bastian,Carrasco,25,H,1,A,63.5,61.2,-2.3
Evan,Carrasco,52,S,1,A,41.6,40.7,-0.9
Florencia,Carrasco,29,H,1,A,59.7,55.1,-4.6
Holly,Carrasco,50,S,1,A,51.7,51.2,-0.5
Justin,Carrasco,52,H,1,A,47,47.1,0.1
Liam,Carrasco,37,S,1,A,66.4,58.1,-8.3
Ava,Durand,35,S,1,A,44.1,56,11.9
Jamie,Durand,38,H,1,A,76.3,74.8,-1.5
Josefa,Durand,29,H,1,A,56.2,45,-11.2
Mark,Durand,36,S,1,A,54.8,75.9,21.1
Maximiliano,Durand,63,S,1,A,90,102,12
Bastian,Gonzalez,27,S,1,A,52.3,63.7,11.4
Ayano,Kennedy,39,H,1,A,35.5,40.7,5.2
Grace,Kennedy,26,H,1,A,85.6,84.3,-1.3
Ai,Lopez,26,S,1,A,42.3,32.8,-9.5
Kaito,McCarthy,48,H,1,A,53.5,56.3,2.8
Kaito,McCarthy,51,S,1,A,48.3,44.6,-3.7
Jun,Morin,26,H,1,A,64,72.5,8.5
Takuya,Price,44,S,1,A,74.3,65.4,-8.9
Justine,Summers,53,H,1,A,45,49.2,4.2
Nik,Summers,55,S,1,A,52.1,44.2,-7.9
Ava,Takahashi,31,H,1,A,79.9,73.3,-6.6
Carlos,Takahashi,50,S,1,A,55.7,52.7,-3
Anna,Bernard,62,H,2,A,46.5,46.1,-0.4
Daichi,Carrasco,25,S,2,A,48.5,54,5.5
Dean,Carrasco,40,H,2,A,47,55.5,8.5
Kaito,Carrasco,35,S,2,A,75,82.9,7.9
Riley,Carrasco,38,S,2,A,90,108,18
Sofia,Carrasco,28,H,2,A,43.9,46.8,2.9
Darren,Durand,36,H,2,A,74.9,70.8,-4.1
Fernado,Durand,53,S,2,A,74.5,79.6,5.1
Misaki,Durand,29,H,2,A,58.9,56.3,-2.6
Orla,Durand,39,S,2,A,36.4,50.9,14.5
Robert,Durand,35,H,2,A,58.8,50.8,-8
Valentina,Hajek,68,S,2,A,59.9,65.6,5.7
Ayano,Kennedy,38,H,2,A,40.2,44.5,4.3
Ryan,Kennedy,50,S,2,A,74.2,88.1,13.9
Jose,Lopez,25,H,2,A,50,49.4,-0.6
Shota,McCarthy,29,S,2,A,84.4,96,11.6
Jun,Rodriguez,35,S,2,A,40.8,63,22.2
Anthony,Steiner,26,H,2,A,87,102,15
Nina,Steiner,51,H,2,A,46.5,50.8,4.3
Lara,Summers,56,S,2,A,64.4,48.1,-16.3
Daiki,Takahashi,35,S,2,A,90,108,18
Felipe,Takahashi,28,H,2,A,60.9,64.9,4
Camila,Carrasco,54,H,3,A,46.4,66.6,20.2
Felipe,Carrasco,51,S,3,A,55.2,74.3,19.1
Hama,Carrasco,36,H,3,A,61.8,87.4,25.6
Miki,Carrasco,35,H,3,A,65,114,49
Riko,Carrasco,52,S,3,A,28.3,44,15.7
Benjamin,Durand,47,S,3,A,41.9,55.6,13.7
Hina,Durand,43,H,3,A,49.4,69.2,19.8
Jun,Durand,30,H,3,A,43.6,63,19.4
Kevin,Durand,32,S,3,A,71.7,90,18.3
Takahiro,Durand,53,S,3,A,54.8,88.2,33.4
Daichi,Gonzalez,68,H,3,A,41.9,67.4,25.5
Megan,Kennedy,27,S,3,A,81,120,39
Akane,Lopez,49,S,3,A,46.7,59.7,13
Evan,Lopez,35,H,3,A,31.7,53.4,21.7
Ren,Lopez,47,H,3,A,65.6,86.4,20.8
Laura,McCarthy,34,S,3,A,57.3,96,38.7
Nina,Rodriguez,34,H,3,A,72.6,77.2,4.6
Ariane,Steiner,27,S,3,A,54,60,6
Naoto,Steiner,39,H,3,A,61.6,88.5,26.9
Jade,Summers,40,S,3,A,59.8,79.7,19.9
Kevin,Takahashi,34,H,3,A,64.1,90,25.9
Tomax,Takahashi,37,S,3,A,53.3,75.2,21.9
Ami,Carrasco,26,H,0,S,75,73.3,-1.7
Jose,Carrasco,29,H,0,S,90,90,0
Mai,Carrasco,56,S,0,S,49.2,64.2,15
Yuta,Carrasco,28,H,0,S,54.5,53.6,-0.9
Marianne,Connolly,51,H,0,S,49.3,56.7,7.4
Mathis,Connolly,52,S,0,S,66.2,61.4,-4.8
Josefa,Durand,41,H,0,S,56.2,59,2.8
Martina,Durand,37,S,0,S,46.9,48.5,1.6
Robert,Durand,45,S,0,S,45.8,50.9,5.1
William,Durand,42,S,0,S,41,44.1,3.1
Tatsuya,Gonzalez,52,H,0,S,65.1,61.5,-3.6
Raphael,Kennedy,72,S,0,S,76.2,81.4,5.2
Fabian,Lopez,29,H,0,S,39.6,41.7,2.1
Paula,Lopez,26,S,0,S,48.3,47.6,-0.7
Sho,Lopez,33,H,0,S,42.5,45.6,3.1
Frederique,Steiner,40,H,0,S,56.9,59.2,2.3
Killian,Steiner,28,S,0,S,74,90,16
Jeremy,Summers,40,S,0,S,63.3,62.9,-0.4
Lan,Summers,33,H,0,S,53,52.1,-0.9
Riku,Takahashi,27,S,0,S,44.1,49.4,5.3
Rin,Takahashi,30,H,0,S,59.6,56.8,-2.8
Karin,Bernard,33,S,0,S,46.7,46,-0.7
Christian,Carrasco,28,H,0,S,36,35.8,-0.2
Ignacio,Carrasco,46,H,0,S,54.8,65.4,10.6
Joaquin,Carrasco,37,S,0,S,63.5,65.2,1.7
Momoko,Carrasco,27,S,0,S,54.1,59.5,5.4
Sara,Castro,35,H,0,S,46,43.2,-2.8
Benjamin,Connolly,27,H,0,S,67,70.9,3.9
Alejandra,Durand,33,S,0,S,86.3,79.6,-6.7
Camila,Durand,30,S,0,S,48.7,52.9,4.2
Momoko,Durand,50,S,0,S,76.8,78.5,1.7
Rin,Durand,40,H,0,S,30.7,27.1,-3.6
Rok,Hajek,48,H,0,S,48.3,47,-1.3
Carla,Kennedy,34,S,0,S,61.4,66.4,5
Alexia,Lopez,32,S,0,S,51.5,50.2,-1.3
Bastian,Lopez,42,H,0,S,46.2,41.3,-4.9
Kaito,Lopez,37,H,0,S,41,47,6
Nanami,McCarthy,29,S,0,S,38.5,41.9,3.4
Victor,Price,28,H,0,S,79.7,88.9,9.2
Sophia,Steiner,59,S,0,S,56.3,56.6,0.3
Kana,Summers,51,H,0,S,85.5,83.6,-1.9
Aya,Takahashi,37,S,0,S,76.3,74.8,-1.5
Eva,Takahashi,31,S,0,S,84.5,44.1,-40.4
Shun,Takahashi,38,H,0,S,69.2,65.8,-3.4
Adam,Carrasco,35,S,0,S,56.6,53.4,-3.2
Ayaka,Carrasco,37,H,0,S,44,38.2,-5.8
Eva,Carrasco,34,H,0,S,45,46.2,1.2
Jun,Carrasco,34,S,0,S,83.4,67.4,-16
Ryouta,Carrasco,49,H,0,S,62.8,54.1,-8.7
Antoine,Durand,35,H,0,S,42.3,28.9,-13.4
Ava,Durand,25,S,0,S,44.1,41.5,-2.6
Ciara,Durand,29,S,0,S,40.5,33.4,-7.1
Mitsuku,Durand,29,H,0,S,55.9,60.8,4.9
Naoto,Durand,27,S,0,S,89.6,89.9,0.3
Takumi,Durand,44,S,0,S,53.6,48.3,-5.3
Kenta,Gonzalez,25,H,0,S,74.5,75.2,0.7
Pia,Kennedy,66,H,0,S,90,80.4,-9.6
Erin,Lopez,36,S,0,S,61.4,57.5,-3.9
Michael,Lopez,33,H,0,S,36.3,40.3,4
Adam,McCarthy,37,S,0,S,47.8,49.3,1.5
Sakura,McCarthy,45,H,0,S,56.9,58.9,2
Chloe,Steiner,28,S,0,S,69.7,71.9,2.2
Nik,Summers,38,H,0,S,88.7,96,7.3
Tobias,Summers,43,S,0,S,49.3,52.7,3.4
Anna,Takahashi,45,H,0,S,81.9,80.6,-1.3
Shauna,Takahashi,27,S,0,S,40,42.2,2.2
